sample_id,queryAssembly,refAssembly,aligner,preset,dockerImage,kmerSize
HG00408_hap1,s3://human-pangenomics/submissions/DC27718F-5F38-43B0-9A78-270F395F13E8--INT_ASM_PRODUCTION/HG00408/assemblies/freeze_2/HG00408_pat_hprc_r2_v1.fa.gz,/private/groups/patenlab/mira/data/chm13v2.0.fa,minimap2,asm5,mobinasri/long_read_aligner:v0.4.0,19
HG00408_hap2,s3://human-pangenomics/submissions/DC27718F-5F38-43B0-9A78-270F395F13E8--INT_ASM_PRODUCTION/HG00408/assemblies/freeze_2/HG00408_mat_hprc_r2_v1.fa.gz,/private/groups/patenlab/mira/data/chm13v2.0.fa,minimap2,asm5,mobinasri/long_read_aligner:v0.4.0,19
HG00597_hap1,s3://human-pangenomics/submissions/DC27718F-5F38-43B0-9A78-270F395F13E8--INT_ASM_PRODUCTION/HG00597/assemblies/freeze_2/HG00597_pat_hprc_r2_v1.fa.gz,/private/groups/patenlab/mira/data/chm13v2.0.fa,minimap2,asm5,mobinasri/long_read_aligner:v0.4.0,19
HG00597_hap2,s3://human-pangenomics/submissions/DC27718F-5F38-43B0-9A78-270F395F13E8--INT_ASM_PRODUCTION/HG00597/assemblies/freeze_2/HG00597_mat_hprc_r2_v1.fa.gz,/private/groups/patenlab/mira/data/chm13v2.0.fa,minimap2,asm5,mobinasri/long_read_aligner:v0.4.0,19
HG01192_hap1,s3://human-pangenomics/submissions/DC27718F-5F38-43B0-9A78-270F395F13E8--INT_ASM_PRODUCTION/HG01192/assemblies/freeze_2/HG01192_pat_hprc_r2_v1.fa.gz,/private/groups/patenlab/mira/data/chm13v2.0.fa,minimap2,asm5,mobinasri/long_read_aligner:v0.4.0,19
HG01192_hap2,s3://human-pangenomics/submissions/DC27718F-5F38-43B0-9A78-270F395F13E8--INT_ASM_PRODUCTION/HG01192/assemblies/freeze_2/HG01192_mat_hprc_r2_v1.fa.gz,/private/groups/patenlab/mira/data/chm13v2.0.fa,minimap2,asm5,mobinasri/long_read_aligner:v0.4.0,19
HG01261_hap1,s3://human-pangenomics/submissions/DC27718F-5F38-43B0-9A78-270F395F13E8--INT_ASM_PRODUCTION/HG01261/assemblies/freeze_2/HG01261_pat_hprc_r2_v1.fa.gz,/private/groups/patenlab/mira/data/chm13v2.0.fa,minimap2,asm5,mobinasri/long_read_aligner:v0.4.0,19
HG01261_hap2,s3://human-pangenomics/submissions/DC27718F-5F38-43B0-9A78-270F395F13E8--INT_ASM_PRODUCTION/HG01261/assemblies/freeze_2/HG01261_mat_hprc_r2_v1.fa.gz,/private/groups/patenlab/mira/data/chm13v2.0.fa,minimap2,asm5,mobinasri/long_read_aligner:v0.4.0,19
HG02015_hap1,s3://human-pangenomics/submissions/DC27718F-5F38-43B0-9A78-270F395F13E8--INT_ASM_PRODUCTION/HG02015/assemblies/freeze_2/HG02015_pat_hprc_r2_v1.fa.gz,/private/groups/patenlab/mira/data/chm13v2.0.fa,minimap2,asm5,mobinasri/long_read_aligner:v0.4.0,19
HG02015_hap2,s3://human-pangenomics/submissions/DC27718F-5F38-43B0-9A78-270F395F13E8--INT_ASM_PRODUCTION/HG02015/assemblies/freeze_2/HG02015_mat_hprc_r2_v1.fa.gz,/private/groups/patenlab/mira/data/chm13v2.0.fa,minimap2,asm5,mobinasri/long_read_aligner:v0.4.0,19
HG02056_hap1,s3://human-pangenomics/submissions/DC27718F-5F38-43B0-9A78-270F395F13E8--INT_ASM_PRODUCTION/HG02056/assemblies/freeze_2/HG02056_pat_hprc_r2_v1.fa.gz,/private/groups/patenlab/mira/data/chm13v2.0.fa,minimap2,asm5,mobinasri/long_read_aligner:v0.4.0,19
HG02056_hap2,s3://human-pangenomics/submissions/DC27718F-5F38-43B0-9A78-270F395F13E8--INT_ASM_PRODUCTION/HG02056/assemblies/freeze_2/HG02056_mat_hprc_r2_v1.fa.gz,/private/groups/patenlab/mira/data/chm13v2.0.fa,minimap2,asm5,mobinasri/long_read_aligner:v0.4.0,19
HG02129_hap1,s3://human-pangenomics/submissions/DC27718F-5F38-43B0-9A78-270F395F13E8--INT_ASM_PRODUCTION/HG02129/assemblies/freeze_2/HG02129_pat_hprc_r2_v1.fa.gz,/private/groups/patenlab/mira/data/chm13v2.0.fa,minimap2,asm5,mobinasri/long_read_aligner:v0.4.0,19
HG02129_hap2,s3://human-pangenomics/submissions/DC27718F-5F38-43B0-9A78-270F395F13E8--INT_ASM_PRODUCTION/HG02129/assemblies/freeze_2/HG02129_mat_hprc_r2_v1.fa.gz,/private/groups/patenlab/mira/data/chm13v2.0.fa,minimap2,asm5,mobinasri/long_read_aligner:v0.4.0,19
HG02258_hap1,s3://human-pangenomics/submissions/DC27718F-5F38-43B0-9A78-270F395F13E8--INT_ASM_PRODUCTION/HG02258/assemblies/freeze_2/HG02258_pat_hprc_r2_v1.fa.gz,/private/groups/patenlab/mira/data/chm13v2.0.fa,minimap2,asm5,mobinasri/long_read_aligner:v0.4.0,19
HG02258_hap2,s3://human-pangenomics/submissions/DC27718F-5F38-43B0-9A78-270F395F13E8--INT_ASM_PRODUCTION/HG02258/assemblies/freeze_2/HG02258_mat_hprc_r2_v1.fa.gz,/private/groups/patenlab/mira/data/chm13v2.0.fa,minimap2,asm5,mobinasri/long_read_aligner:v0.4.0,19
HG03834_hap1,s3://human-pangenomics/submissions/DC27718F-5F38-43B0-9A78-270F395F13E8--INT_ASM_PRODUCTION/HG03834/assemblies/freeze_2/HG03834_pat_hprc_r2_v1.fa.gz,/private/groups/patenlab/mira/data/chm13v2.0.fa,minimap2,asm5,mobinasri/long_read_aligner:v0.4.0,19
HG03834_hap2,s3://human-pangenomics/submissions/DC27718F-5F38-43B0-9A78-270F395F13E8--INT_ASM_PRODUCTION/HG03834/assemblies/freeze_2/HG03834_mat_hprc_r2_v1.fa.gz,/private/groups/patenlab/mira/data/chm13v2.0.fa,minimap2,asm5,mobinasri/long_read_aligner:v0.4.0,19
HG00609_hap1,s3://human-pangenomics/submissions/DC27718F-5F38-43B0-9A78-270F395F13E8--INT_ASM_PRODUCTION/HG00609/assemblies/freeze_2/HG00609_pat_hprc_r2_v1.fa.gz,/private/groups/patenlab/mira/data/chm13v2.0.fa,minimap2,asm5,mobinasri/long_read_aligner:v0.4.0,19
HG00609_hap2,s3://human-pangenomics/submissions/DC27718F-5F38-43B0-9A78-270F395F13E8--INT_ASM_PRODUCTION/HG00609/assemblies/freeze_2/HG00609_mat_hprc_r2_v1.fa.gz,/private/groups/patenlab/mira/data/chm13v2.0.fa,minimap2,asm5,mobinasri/long_read_aligner:v0.4.0,19
HG00642_hap1,s3://human-pangenomics/submissions/DC27718F-5F38-43B0-9A78-270F395F13E8--INT_ASM_PRODUCTION/HG00642/assemblies/freeze_2/HG00642_pat_hprc_r2_v1.fa.gz,/private/groups/patenlab/mira/data/chm13v2.0.fa,minimap2,asm5,mobinasri/long_read_aligner:v0.4.0,19
HG00642_hap2,s3://human-pangenomics/submissions/DC27718F-5F38-43B0-9A78-270F395F13E8--INT_ASM_PRODUCTION/HG00642/assemblies/freeze_2/HG00642_mat_hprc_r2_v1.fa.gz,/private/groups/patenlab/mira/data/chm13v2.0.fa,minimap2,asm5,mobinasri/long_read_aligner:v0.4.0,19
HG00738_hap1,s3://human-pangenomics/submissions/DC27718F-5F38-43B0-9A78-270F395F13E8--INT_ASM_PRODUCTION/HG00738/assemblies/freeze_2/HG00738_pat_hprc_r2_v1.fa.gz,/private/groups/patenlab/mira/data/chm13v2.0.fa,minimap2,asm5,mobinasri/long_read_aligner:v0.4.0,19
HG00738_hap2,s3://human-pangenomics/submissions/DC27718F-5F38-43B0-9A78-270F395F13E8--INT_ASM_PRODUCTION/HG00738/assemblies/freeze_2/HG00738_mat_hprc_r2_v1.fa.gz,/private/groups/patenlab/mira/data/chm13v2.0.fa,minimap2,asm5,mobinasri/long_read_aligner:v0.4.0,19
HG01099_hap1,s3://human-pangenomics/submissions/DC27718F-5F38-43B0-9A78-270F395F13E8--INT_ASM_PRODUCTION/HG01099/assemblies/freeze_2/HG01099_pat_hprc_r2_v1.fa.gz,/private/groups/patenlab/mira/data/chm13v2.0.fa,minimap2,asm5,mobinasri/long_read_aligner:v0.4.0,19
HG01099_hap2,s3://human-pangenomics/submissions/DC27718F-5F38-43B0-9A78-270F395F13E8--INT_ASM_PRODUCTION/HG01099/assemblies/freeze_2/HG01099_mat_hprc_r2_v1.fa.gz,/private/groups/patenlab/mira/data/chm13v2.0.fa,minimap2,asm5,mobinasri/long_read_aligner:v0.4.0,19
HG01255_hap1,s3://human-pangenomics/submissions/DC27718F-5F38-43B0-9A78-270F395F13E8--INT_ASM_PRODUCTION/HG01255/assemblies/freeze_2/HG01255_pat_hprc_r2_v1.fa.gz,/private/groups/patenlab/mira/data/chm13v2.0.fa,minimap2,asm5,mobinasri/long_read_aligner:v0.4.0,19
HG01255_hap2,s3://human-pangenomics/submissions/DC27718F-5F38-43B0-9A78-270F395F13E8--INT_ASM_PRODUCTION/HG01255/assemblies/freeze_2/HG01255_mat_hprc_r2_v1.fa.gz,/private/groups/patenlab/mira/data/chm13v2.0.fa,minimap2,asm5,mobinasri/long_read_aligner:v0.4.0,19
HG01346_hap1,s3://human-pangenomics/submissions/DC27718F-5F38-43B0-9A78-270F395F13E8--INT_ASM_PRODUCTION/HG01346/assemblies/freeze_2/HG01346_pat_hprc_r2_v1.fa.gz,/private/groups/patenlab/mira/data/chm13v2.0.fa,minimap2,asm5,mobinasri/long_read_aligner:v0.4.0,19
HG01346_hap2,s3://human-pangenomics/submissions/DC27718F-5F38-43B0-9A78-270F395F13E8--INT_ASM_PRODUCTION/HG01346/assemblies/freeze_2/HG01346_mat_hprc_r2_v1.fa.gz,/private/groups/patenlab/mira/data/chm13v2.0.fa,minimap2,asm5,mobinasri/long_read_aligner:v0.4.0,19
HG01433_hap1,s3://human-pangenomics/submissions/DC27718F-5F38-43B0-9A78-270F395F13E8--INT_ASM_PRODUCTION/HG01433/assemblies/freeze_2/HG01433_pat_hprc_r2_v1.fa.gz,/private/groups/patenlab/mira/data/chm13v2.0.fa,minimap2,asm5,mobinasri/long_read_aligner:v0.4.0,19
HG01433_hap2,s3://human-pangenomics/submissions/DC27718F-5F38-43B0-9A78-270F395F13E8--INT_ASM_PRODUCTION/HG01433/assemblies/freeze_2/HG01433_mat_hprc_r2_v1.fa.gz,/private/groups/patenlab/mira/data/chm13v2.0.fa,minimap2,asm5,mobinasri/long_read_aligner:v0.4.0,19
HG01496_hap1,s3://human-pangenomics/submissions/DC27718F-5F38-43B0-9A78-270F395F13E8--INT_ASM_PRODUCTION/HG01496/assemblies/freeze_2/HG01496_pat_hprc_r2_v1.fa.gz,/private/groups/patenlab/mira/data/chm13v2.0.fa,minimap2,asm5,mobinasri/long_read_aligner:v0.4.0,19
HG01496_hap2,s3://human-pangenomics/submissions/DC27718F-5F38-43B0-9A78-270F395F13E8--INT_ASM_PRODUCTION/HG01496/assemblies/freeze_2/HG01496_mat_hprc_r2_v1.fa.gz,/private/groups/patenlab/mira/data/chm13v2.0.fa,minimap2,asm5,mobinasri/long_read_aligner:v0.4.0,19
HG01884_hap1,s3://human-pangenomics/submissions/DC27718F-5F38-43B0-9A78-270F395F13E8--INT_ASM_PRODUCTION/HG01884/assemblies/freeze_2/HG01884_pat_hprc_r2_v1.fa.gz,/private/groups/patenlab/mira/data/chm13v2.0.fa,minimap2,asm5,mobinasri/long_read_aligner:v0.4.0,19
HG01884_hap2,s3://human-pangenomics/submissions/DC27718F-5F38-43B0-9A78-270F395F13E8--INT_ASM_PRODUCTION/HG01884/assemblies/freeze_2/HG01884_mat_hprc_r2_v1.fa.gz,/private/groups/patenlab/mira/data/chm13v2.0.fa,minimap2,asm5,mobinasri/long_read_aligner:v0.4.0,19
HG01981_hap1,s3://human-pangenomics/submissions/DC27718F-5F38-43B0-9A78-270F395F13E8--INT_ASM_PRODUCTION/HG01981/assemblies/freeze_2/HG01981_pat_hprc_r2_v1.fa.gz,/private/groups/patenlab/mira/data/chm13v2.0.fa,minimap2,asm5,mobinasri/long_read_aligner:v0.4.0,19
HG01981_hap2,s3://human-pangenomics/submissions/DC27718F-5F38-43B0-9A78-270F395F13E8--INT_ASM_PRODUCTION/HG01981/assemblies/freeze_2/HG01981_mat_hprc_r2_v1.fa.gz,/private/groups/patenlab/mira/data/chm13v2.0.fa,minimap2,asm5,mobinasri/long_read_aligner:v0.4.0,19
HG01993_hap1,s3://human-pangenomics/submissions/DC27718F-5F38-43B0-9A78-270F395F13E8--INT_ASM_PRODUCTION/HG01993/assemblies/freeze_2/HG01993_pat_hprc_r2_v1.fa.gz,/private/groups/patenlab/mira/data/chm13v2.0.fa,minimap2,asm5,mobinasri/long_read_aligner:v0.4.0,19
HG01993_hap2,s3://human-pangenomics/submissions/DC27718F-5F38-43B0-9A78-270F395F13E8--INT_ASM_PRODUCTION/HG01993/assemblies/freeze_2/HG01993_mat_hprc_r2_v1.fa.gz,/private/groups/patenlab/mira/data/chm13v2.0.fa,minimap2,asm5,mobinasri/long_read_aligner:v0.4.0,19
HG02004_hap1,s3://human-pangenomics/submissions/DC27718F-5F38-43B0-9A78-270F395F13E8--INT_ASM_PRODUCTION/HG02004/assemblies/freeze_2/HG02004_pat_hprc_r2_v1.fa.gz,/private/groups/patenlab/mira/data/chm13v2.0.fa,minimap2,asm5,mobinasri/long_read_aligner:v0.4.0,19
HG02004_hap2,s3://human-pangenomics/submissions/DC27718F-5F38-43B0-9A78-270F395F13E8--INT_ASM_PRODUCTION/HG02004/assemblies/freeze_2/HG02004_mat_hprc_r2_v1.fa.gz,/private/groups/patenlab/mira/data/chm13v2.0.fa,minimap2,asm5,mobinasri/long_read_aligner:v0.4.0,19
HG02027_hap1,s3://human-pangenomics/submissions/DC27718F-5F38-43B0-9A78-270F395F13E8--INT_ASM_PRODUCTION/HG02027/assemblies/freeze_2/HG02027_pat_hprc_r2_v1.fa.gz,/private/groups/patenlab/mira/data/chm13v2.0.fa,minimap2,asm5,mobinasri/long_read_aligner:v0.4.0,19
HG02027_hap2,s3://human-pangenomics/submissions/DC27718F-5F38-43B0-9A78-270F395F13E8--INT_ASM_PRODUCTION/HG02027/assemblies/freeze_2/HG02027_mat_hprc_r2_v1.fa.gz,/private/groups/patenlab/mira/data/chm13v2.0.fa,minimap2,asm5,mobinasri/long_read_aligner:v0.4.0,19
HG02083_hap1,s3://human-pangenomics/submissions/DC27718F-5F38-43B0-9A78-270F395F13E8--INT_ASM_PRODUCTION/HG02083/assemblies/freeze_2/HG02083_pat_hprc_r2_v1.fa.gz,/private/groups/patenlab/mira/data/chm13v2.0.fa,minimap2,asm5,mobinasri/long_read_aligner:v0.4.0,19
HG02083_hap2,s3://human-pangenomics/submissions/DC27718F-5F38-43B0-9A78-270F395F13E8--INT_ASM_PRODUCTION/HG02083/assemblies/freeze_2/HG02083_mat_hprc_r2_v1.fa.gz,/private/groups/patenlab/mira/data/chm13v2.0.fa,minimap2,asm5,mobinasri/long_read_aligner:v0.4.0,19
HG02132_hap1,s3://human-pangenomics/submissions/DC27718F-5F38-43B0-9A78-270F395F13E8--INT_ASM_PRODUCTION/HG02132/assemblies/freeze_2/HG02132_pat_hprc_r2_v1.fa.gz,/private/groups/patenlab/mira/data/chm13v2.0.fa,minimap2,asm5,mobinasri/long_read_aligner:v0.4.0,19
HG02132_hap2,s3://human-pangenomics/submissions/DC27718F-5F38-43B0-9A78-270F395F13E8--INT_ASM_PRODUCTION/HG02132/assemblies/freeze_2/HG02132_mat_hprc_r2_v1.fa.gz,/private/groups/patenlab/mira/data/chm13v2.0.fa,minimap2,asm5,mobinasri/long_read_aligner:v0.4.0,19
HG02280_hap1,s3://human-pangenomics/submissions/DC27718F-5F38-43B0-9A78-270F395F13E8--INT_ASM_PRODUCTION/HG02280/assemblies/freeze_2/HG02280_pat_hprc_r2_v1.fa.gz,/private/groups/patenlab/mira/data/chm13v2.0.fa,minimap2,asm5,mobinasri/long_read_aligner:v0.4.0,19
HG02280_hap2,s3://human-pangenomics/submissions/DC27718F-5F38-43B0-9A78-270F395F13E8--INT_ASM_PRODUCTION/HG02280/assemblies/freeze_2/HG02280_mat_hprc_r2_v1.fa.gz,/private/groups/patenlab/mira/data/chm13v2.0.fa,minimap2,asm5,mobinasri/long_read_aligner:v0.4.0,19
HG02293_hap1,s3://human-pangenomics/submissions/DC27718F-5F38-43B0-9A78-270F395F13E8--INT_ASM_PRODUCTION/HG02293/assemblies/freeze_2/HG02293_pat_hprc_r2_v1.fa.gz,/private/groups/patenlab/mira/data/chm13v2.0.fa,minimap2,asm5,mobinasri/long_read_aligner:v0.4.0,19
HG02293_hap2,s3://human-pangenomics/submissions/DC27718F-5F38-43B0-9A78-270F395F13E8--INT_ASM_PRODUCTION/HG02293/assemblies/freeze_2/HG02293_mat_hprc_r2_v1.fa.gz,/private/groups/patenlab/mira/data/chm13v2.0.fa,minimap2,asm5,mobinasri/long_read_aligner:v0.4.0,19
HG02300_hap1,s3://human-pangenomics/submissions/DC27718F-5F38-43B0-9A78-270F395F13E8--INT_ASM_PRODUCTION/HG02300/assemblies/freeze_2/HG02300_pat_hprc_r2_v1.fa.gz,/private/groups/patenlab/mira/data/chm13v2.0.fa,minimap2,asm5,mobinasri/long_read_aligner:v0.4.0,19
HG02300_hap2,s3://human-pangenomics/submissions/DC27718F-5F38-43B0-9A78-270F395F13E8--INT_ASM_PRODUCTION/HG02300/assemblies/freeze_2/HG02300_mat_hprc_r2_v1.fa.gz,/private/groups/patenlab/mira/data/chm13v2.0.fa,minimap2,asm5,mobinasri/long_read_aligner:v0.4.0,19
HG02451_hap1,s3://human-pangenomics/submissions/DC27718F-5F38-43B0-9A78-270F395F13E8--INT_ASM_PRODUCTION/HG02451/assemblies/freeze_2/HG02451_pat_hprc_r2_v1.fa.gz,/private/groups/patenlab/mira/data/chm13v2.0.fa,minimap2,asm5,mobinasri/long_read_aligner:v0.4.0,19
HG02451_hap2,s3://human-pangenomics/submissions/DC27718F-5F38-43B0-9A78-270F395F13E8--INT_ASM_PRODUCTION/HG02451/assemblies/freeze_2/HG02451_mat_hprc_r2_v1.fa.gz,/private/groups/patenlab/mira/data/chm13v2.0.fa,minimap2,asm5,mobinasri/long_read_aligner:v0.4.0,19
HG02523_hap1,s3://human-pangenomics/submissions/DC27718F-5F38-43B0-9A78-270F395F13E8--INT_ASM_PRODUCTION/HG02523/assemblies/freeze_2/HG02523_pat_hprc_r2_v1.fa.gz,/private/groups/patenlab/mira/data/chm13v2.0.fa,minimap2,asm5,mobinasri/long_read_aligner:v0.4.0,19
HG02523_hap2,s3://human-pangenomics/submissions/DC27718F-5F38-43B0-9A78-270F395F13E8--INT_ASM_PRODUCTION/HG02523/assemblies/freeze_2/HG02523_mat_hprc_r2_v1.fa.gz,/private/groups/patenlab/mira/data/chm13v2.0.fa,minimap2,asm5,mobinasri/long_read_aligner:v0.4.0,19
HG02615_hap1,s3://human-pangenomics/submissions/DC27718F-5F38-43B0-9A78-270F395F13E8--INT_ASM_PRODUCTION/HG02615/assemblies/freeze_2/HG02615_pat_hprc_r2_v1.fa.gz,/private/groups/patenlab/mira/data/chm13v2.0.fa,minimap2,asm5,mobinasri/long_read_aligner:v0.4.0,19
HG02615_hap2,s3://human-pangenomics/submissions/DC27718F-5F38-43B0-9A78-270F395F13E8--INT_ASM_PRODUCTION/HG02615/assemblies/freeze_2/HG02615_mat_hprc_r2_v1.fa.gz,/private/groups/patenlab/mira/data/chm13v2.0.fa,minimap2,asm5,mobinasri/long_read_aligner:v0.4.0,19
HG02647_hap1,s3://human-pangenomics/submissions/DC27718F-5F38-43B0-9A78-270F395F13E8--INT_ASM_PRODUCTION/HG02647/assemblies/freeze_2/HG02647_pat_hprc_r2_v1.fa.gz,/private/groups/patenlab/mira/data/chm13v2.0.fa,minimap2,asm5,mobinasri/long_read_aligner:v0.4.0,19
HG02647_hap2,s3://human-pangenomics/submissions/DC27718F-5F38-43B0-9A78-270F395F13E8--INT_ASM_PRODUCTION/HG02647/assemblies/freeze_2/HG02647_mat_hprc_r2_v1.fa.gz,/private/groups/patenlab/mira/data/chm13v2.0.fa,minimap2,asm5,mobinasri/long_read_aligner:v0.4.0,19
HG02698_hap1,s3://human-pangenomics/submissions/DC27718F-5F38-43B0-9A78-270F395F13E8--INT_ASM_PRODUCTION/HG02698/assemblies/freeze_2/HG02698_pat_hprc_r2_v1.fa.gz,/private/groups/patenlab/mira/data/chm13v2.0.fa,minimap2,asm5,mobinasri/long_read_aligner:v0.4.0,19
HG02698_hap2,s3://human-pangenomics/submissions/DC27718F-5F38-43B0-9A78-270F395F13E8--INT_ASM_PRODUCTION/HG02698/assemblies/freeze_2/HG02698_mat_hprc_r2_v1.fa.gz,/private/groups/patenlab/mira/data/chm13v2.0.fa,minimap2,asm5,mobinasri/long_read_aligner:v0.4.0,19
HG03654_hap1,s3://human-pangenomics/submissions/DC27718F-5F38-43B0-9A78-270F395F13E8--INT_ASM_PRODUCTION/HG03654/assemblies/freeze_2/HG03654_pat_hprc_r2_v1.fa.gz,/private/groups/patenlab/mira/data/chm13v2.0.fa,minimap2,asm5,mobinasri/long_read_aligner:v0.4.0,19
HG03654_hap2,s3://human-pangenomics/submissions/DC27718F-5F38-43B0-9A78-270F395F13E8--INT_ASM_PRODUCTION/HG03654/assemblies/freeze_2/HG03654_mat_hprc_r2_v1.fa.gz,/private/groups/patenlab/mira/data/chm13v2.0.fa,minimap2,asm5,mobinasri/long_read_aligner:v0.4.0,19
HG03669_hap1,s3://human-pangenomics/submissions/DC27718F-5F38-43B0-9A78-270F395F13E8--INT_ASM_PRODUCTION/HG03669/assemblies/freeze_2/HG03669_pat_hprc_r2_v1.fa.gz,/private/groups/patenlab/mira/data/chm13v2.0.fa,minimap2,asm5,mobinasri/long_read_aligner:v0.4.0,19
HG03669_hap2,s3://human-pangenomics/submissions/DC27718F-5F38-43B0-9A78-270F395F13E8--INT_ASM_PRODUCTION/HG03669/assemblies/freeze_2/HG03669_mat_hprc_r2_v1.fa.gz,/private/groups/patenlab/mira/data/chm13v2.0.fa,minimap2,asm5,mobinasri/long_read_aligner:v0.4.0,19
HG03688_hap1,s3://human-pangenomics/submissions/DC27718F-5F38-43B0-9A78-270F395F13E8--INT_ASM_PRODUCTION/HG03688/assemblies/freeze_2/HG03688_pat_hprc_r2_v1.fa.gz,/private/groups/patenlab/mira/data/chm13v2.0.fa,minimap2,asm5,mobinasri/long_read_aligner:v0.4.0,19
HG03688_hap2,s3://human-pangenomics/submissions/DC27718F-5F38-43B0-9A78-270F395F13E8--INT_ASM_PRODUCTION/HG03688/assemblies/freeze_2/HG03688_mat_hprc_r2_v1.fa.gz,/private/groups/patenlab/mira/data/chm13v2.0.fa,minimap2,asm5,mobinasri/long_read_aligner:v0.4.0,19
HG03704_hap1,s3://human-pangenomics/submissions/DC27718F-5F38-43B0-9A78-270F395F13E8--INT_ASM_PRODUCTION/HG03704/assemblies/freeze_2/HG03704_pat_hprc_r2_v1.fa.gz,/private/groups/patenlab/mira/data/chm13v2.0.fa,minimap2,asm5,mobinasri/long_read_aligner:v0.4.0,19
HG03704_hap2,s3://human-pangenomics/submissions/DC27718F-5F38-43B0-9A78-270F395F13E8--INT_ASM_PRODUCTION/HG03704/assemblies/freeze_2/HG03704_mat_hprc_r2_v1.fa.gz,/private/groups/patenlab/mira/data/chm13v2.0.fa,minimap2,asm5,mobinasri/long_read_aligner:v0.4.0,19
HG03710_hap1,s3://human-pangenomics/submissions/DC27718F-5F38-43B0-9A78-270F395F13E8--INT_ASM_PRODUCTION/HG03710/assemblies/freeze_2/HG03710_pat_hprc_r2_v1.fa.gz,/private/groups/patenlab/mira/data/chm13v2.0.fa,minimap2,asm5,mobinasri/long_read_aligner:v0.4.0,19
HG03710_hap2,s3://human-pangenomics/submissions/DC27718F-5F38-43B0-9A78-270F395F13E8--INT_ASM_PRODUCTION/HG03710/assemblies/freeze_2/HG03710_mat_hprc_r2_v1.fa.gz,/private/groups/patenlab/mira/data/chm13v2.0.fa,minimap2,asm5,mobinasri/long_read_aligner:v0.4.0,19
HG03831_hap1,s3://human-pangenomics/submissions/DC27718F-5F38-43B0-9A78-270F395F13E8--INT_ASM_PRODUCTION/HG03831/assemblies/freeze_2/HG03831_pat_hprc_r2_v1.fa.gz,/private/groups/patenlab/mira/data/chm13v2.0.fa,minimap2,asm5,mobinasri/long_read_aligner:v0.4.0,19
HG03831_hap2,s3://human-pangenomics/submissions/DC27718F-5F38-43B0-9A78-270F395F13E8--INT_ASM_PRODUCTION/HG03831/assemblies/freeze_2/HG03831_mat_hprc_r2_v1.fa.gz,/private/groups/patenlab/mira/data/chm13v2.0.fa,minimap2,asm5,mobinasri/long_read_aligner:v0.4.0,19
HG03927_hap1,s3://human-pangenomics/submissions/DC27718F-5F38-43B0-9A78-270F395F13E8--INT_ASM_PRODUCTION/HG03927/assemblies/freeze_2/HG03927_pat_hprc_r2_v1.fa.gz,/private/groups/patenlab/mira/data/chm13v2.0.fa,minimap2,asm5,mobinasri/long_read_aligner:v0.4.0,19
HG03927_hap2,s3://human-pangenomics/submissions/DC27718F-5F38-43B0-9A78-270F395F13E8--INT_ASM_PRODUCTION/HG03927/assemblies/freeze_2/HG03927_mat_hprc_r2_v1.fa.gz,/private/groups/patenlab/mira/data/chm13v2.0.fa,minimap2,asm5,mobinasri/long_read_aligner:v0.4.0,19
HG04115_hap1,s3://human-pangenomics/submissions/DC27718F-5F38-43B0-9A78-270F395F13E8--INT_ASM_PRODUCTION/HG04115/assemblies/freeze_2/HG04115_pat_hprc_r2_v1.fa.gz,/private/groups/patenlab/mira/data/chm13v2.0.fa,minimap2,asm5,mobinasri/long_read_aligner:v0.4.0,19
HG04115_hap2,s3://human-pangenomics/submissions/DC27718F-5F38-43B0-9A78-270F395F13E8--INT_ASM_PRODUCTION/HG04115/assemblies/freeze_2/HG04115_mat_hprc_r2_v1.fa.gz,/private/groups/patenlab/mira/data/chm13v2.0.fa,minimap2,asm5,mobinasri/long_read_aligner:v0.4.0,19
HG04184_hap1,s3://human-pangenomics/submissions/DC27718F-5F38-43B0-9A78-270F395F13E8--INT_ASM_PRODUCTION/HG04184/assemblies/freeze_2/HG04184_pat_hprc_r2_v1.fa.gz,/private/groups/patenlab/mira/data/chm13v2.0.fa,minimap2,asm5,mobinasri/long_read_aligner:v0.4.0,19
HG04184_hap2,s3://human-pangenomics/submissions/DC27718F-5F38-43B0-9A78-270F395F13E8--INT_ASM_PRODUCTION/HG04184/assemblies/freeze_2/HG04184_mat_hprc_r2_v1.fa.gz,/private/groups/patenlab/mira/data/chm13v2.0.fa,minimap2,asm5,mobinasri/long_read_aligner:v0.4.0,19
HG04199_hap1,s3://human-pangenomics/submissions/DC27718F-5F38-43B0-9A78-270F395F13E8--INT_ASM_PRODUCTION/HG04199/assemblies/freeze_2/HG04199_pat_hprc_r2_v1.fa.gz,/private/groups/patenlab/mira/data/chm13v2.0.fa,minimap2,asm5,mobinasri/long_read_aligner:v0.4.0,19
HG04199_hap2,s3://human-pangenomics/submissions/DC27718F-5F38-43B0-9A78-270F395F13E8--INT_ASM_PRODUCTION/HG04199/assemblies/freeze_2/HG04199_mat_hprc_r2_v1.fa.gz,/private/groups/patenlab/mira/data/chm13v2.0.fa,minimap2,asm5,mobinasri/long_read_aligner:v0.4.0,19
HG00621_hap1,s3://human-pangenomics/submissions/DC27718F-5F38-43B0-9A78-270F395F13E8--INT_ASM_PRODUCTION/HG00621/assemblies/freeze_2/HG00621_pat_hprc_r2_v1.fa.gz,/private/groups/patenlab/mira/data/chm13v2.0.fa,minimap2,asm5,mobinasri/long_read_aligner:v0.4.0,19
HG00621_hap2,s3://human-pangenomics/submissions/DC27718F-5F38-43B0-9A78-270F395F13E8--INT_ASM_PRODUCTION/HG00621/assemblies/freeze_2/HG00621_mat_hprc_r2_v1.fa.gz,/private/groups/patenlab/mira/data/chm13v2.0.fa,minimap2,asm5,mobinasri/long_read_aligner:v0.4.0,19
HG00741_hap1,s3://human-pangenomics/submissions/DC27718F-5F38-43B0-9A78-270F395F13E8--INT_ASM_PRODUCTION/HG00741/assemblies/freeze_2/HG00741_pat_hprc_r2_v1.fa.gz,/private/groups/patenlab/mira/data/chm13v2.0.fa,minimap2,asm5,mobinasri/long_read_aligner:v0.4.0,19
HG00741_hap2,s3://human-pangenomics/submissions/DC27718F-5F38-43B0-9A78-270F395F13E8--INT_ASM_PRODUCTION/HG00741/assemblies/freeze_2/HG00741_mat_hprc_r2_v1.fa.gz,/private/groups/patenlab/mira/data/chm13v2.0.fa,minimap2,asm5,mobinasri/long_read_aligner:v0.4.0,19
HG01106_hap1,s3://human-pangenomics/submissions/DC27718F-5F38-43B0-9A78-270F395F13E8--INT_ASM_PRODUCTION/HG01106/assemblies/freeze_2/HG01106_pat_hprc_r2_v1.fa.gz,/private/groups/patenlab/mira/data/chm13v2.0.fa,minimap2,asm5,mobinasri/long_read_aligner:v0.4.0,19
HG01106_hap2,s3://human-pangenomics/submissions/DC27718F-5F38-43B0-9A78-270F395F13E8--INT_ASM_PRODUCTION/HG01106/assemblies/freeze_2/HG01106_mat_hprc_r2_v1.fa.gz,/private/groups/patenlab/mira/data/chm13v2.0.fa,minimap2,asm5,mobinasri/long_read_aligner:v0.4.0,19
HG01175_hap1,s3://human-pangenomics/submissions/DC27718F-5F38-43B0-9A78-270F395F13E8--INT_ASM_PRODUCTION/HG01175/assemblies/freeze_2/HG01175_pat_hprc_r2_v1.fa.gz,/private/groups/patenlab/mira/data/chm13v2.0.fa,minimap2,asm5,mobinasri/long_read_aligner:v0.4.0,19
HG01175_hap2,s3://human-pangenomics/submissions/DC27718F-5F38-43B0-9A78-270F395F13E8--INT_ASM_PRODUCTION/HG01175/assemblies/freeze_2/HG01175_mat_hprc_r2_v1.fa.gz,/private/groups/patenlab/mira/data/chm13v2.0.fa,minimap2,asm5,mobinasri/long_read_aligner:v0.4.0,19
HG01258_hap1,s3://human-pangenomics/submissions/DC27718F-5F38-43B0-9A78-270F395F13E8--INT_ASM_PRODUCTION/HG01258/assemblies/freeze_2/HG01258_pat_hprc_r2_v1.fa.gz,/private/groups/patenlab/mira/data/chm13v2.0.fa,minimap2,asm5,mobinasri/long_read_aligner:v0.4.0,19
HG01258_hap2,s3://human-pangenomics/submissions/DC27718F-5F38-43B0-9A78-270F395F13E8--INT_ASM_PRODUCTION/HG01258/assemblies/freeze_2/HG01258_mat_hprc_r2_v1.fa.gz,/private/groups/patenlab/mira/data/chm13v2.0.fa,minimap2,asm5,mobinasri/long_read_aligner:v0.4.0,19
HG01891_hap1,s3://human-pangenomics/submissions/DC27718F-5F38-43B0-9A78-270F395F13E8--INT_ASM_PRODUCTION/HG01891/assemblies/freeze_2/HG01891_pat_hprc_r2_v1.fa.gz,/private/groups/patenlab/mira/data/chm13v2.0.fa,minimap2,asm5,mobinasri/long_read_aligner:v0.4.0,19
HG01891_hap2,s3://human-pangenomics/submissions/DC27718F-5F38-43B0-9A78-270F395F13E8--INT_ASM_PRODUCTION/HG01891/assemblies/freeze_2/HG01891_mat_hprc_r2_v1.fa.gz,/private/groups/patenlab/mira/data/chm13v2.0.fa,minimap2,asm5,mobinasri/long_read_aligner:v0.4.0,19
HG01952_hap1,s3://human-pangenomics/submissions/DC27718F-5F38-43B0-9A78-270F395F13E8--INT_ASM_PRODUCTION/HG01952/assemblies/freeze_2/HG01952_pat_hprc_r2_v1.fa.gz,/private/groups/patenlab/mira/data/chm13v2.0.fa,minimap2,asm5,mobinasri/long_read_aligner:v0.4.0,19
HG01952_hap2,s3://human-pangenomics/submissions/DC27718F-5F38-43B0-9A78-270F395F13E8--INT_ASM_PRODUCTION/HG01952/assemblies/freeze_2/HG01952_mat_hprc_r2_v1.fa.gz,/private/groups/patenlab/mira/data/chm13v2.0.fa,minimap2,asm5,mobinasri/long_read_aligner:v0.4.0,19
HG02148_hap1,s3://human-pangenomics/submissions/DC27718F-5F38-43B0-9A78-270F395F13E8--INT_ASM_PRODUCTION/HG02148/assemblies/freeze_2/HG02148_pat_hprc_r2_v1.fa.gz,/private/groups/patenlab/mira/data/chm13v2.0.fa,minimap2,asm5,mobinasri/long_read_aligner:v0.4.0,19
HG02148_hap2,s3://human-pangenomics/submissions/DC27718F-5F38-43B0-9A78-270F395F13E8--INT_ASM_PRODUCTION/HG02148/assemblies/freeze_2/HG02148_mat_hprc_r2_v1.fa.gz,/private/groups/patenlab/mira/data/chm13v2.0.fa,minimap2,asm5,mobinasri/long_read_aligner:v0.4.0,19
HG02486_hap1,s3://human-pangenomics/submissions/DC27718F-5F38-43B0-9A78-270F395F13E8--INT_ASM_PRODUCTION/HG02486/assemblies/freeze_2/HG02486_pat_hprc_r2_v1.fa.gz,/private/groups/patenlab/mira/data/chm13v2.0.fa,minimap2,asm5,mobinasri/long_read_aligner:v0.4.0,19
HG02486_hap2,s3://human-pangenomics/submissions/DC27718F-5F38-43B0-9A78-270F395F13E8--INT_ASM_PRODUCTION/HG02486/assemblies/freeze_2/HG02486_mat_hprc_r2_v1.fa.gz,/private/groups/patenlab/mira/data/chm13v2.0.fa,minimap2,asm5,mobinasri/long_read_aligner:v0.4.0,19
HG02559_hap1,s3://human-pangenomics/submissions/DC27718F-5F38-43B0-9A78-270F395F13E8--INT_ASM_PRODUCTION/HG02559/assemblies/freeze_2/HG02559_pat_hprc_r2_v1.fa.gz,/private/groups/patenlab/mira/data/chm13v2.0.fa,minimap2,asm5,mobinasri/long_read_aligner:v0.4.0,19
HG02559_hap2,s3://human-pangenomics/submissions/DC27718F-5F38-43B0-9A78-270F395F13E8--INT_ASM_PRODUCTION/HG02559/assemblies/freeze_2/HG02559_mat_hprc_r2_v1.fa.gz,/private/groups/patenlab/mira/data/chm13v2.0.fa,minimap2,asm5,mobinasri/long_read_aligner:v0.4.0,19
HG02572_hap1,s3://human-pangenomics/submissions/DC27718F-5F38-43B0-9A78-270F395F13E8--INT_ASM_PRODUCTION/HG02572/assemblies/freeze_2/HG02572_pat_hprc_r2_v1.fa.gz,/private/groups/patenlab/mira/data/chm13v2.0.fa,minimap2,asm5,mobinasri/long_read_aligner:v0.4.0,19
HG02572_hap2,s3://human-pangenomics/submissions/DC27718F-5F38-43B0-9A78-270F395F13E8--INT_ASM_PRODUCTION/HG02572/assemblies/freeze_2/HG02572_mat_hprc_r2_v1.fa.gz,/private/groups/patenlab/mira/data/chm13v2.0.fa,minimap2,asm5,mobinasri/long_read_aligner:v0.4.0,19
HG02622_hap1,s3://human-pangenomics/submissions/DC27718F-5F38-43B0-9A78-270F395F13E8--INT_ASM_PRODUCTION/HG02622/assemblies/freeze_2/HG02622_pat_hprc_r2_v1.fa.gz,/private/groups/patenlab/mira/data/chm13v2.0.fa,minimap2,asm5,mobinasri/long_read_aligner:v0.4.0,19
HG02622_hap2,s3://human-pangenomics/submissions/DC27718F-5F38-43B0-9A78-270F395F13E8--INT_ASM_PRODUCTION/HG02622/assemblies/freeze_2/HG02622_mat_hprc_r2_v1.fa.gz,/private/groups/patenlab/mira/data/chm13v2.0.fa,minimap2,asm5,mobinasri/long_read_aligner:v0.4.0,19
HG02886_hap1,s3://human-pangenomics/submissions/DC27718F-5F38-43B0-9A78-270F395F13E8--INT_ASM_PRODUCTION/HG02886/assemblies/freeze_2/HG02886_pat_hprc_r2_v1.fa.gz,/private/groups/patenlab/mira/data/chm13v2.0.fa,minimap2,asm5,mobinasri/long_read_aligner:v0.4.0,19
HG02886_hap2,s3://human-pangenomics/submissions/DC27718F-5F38-43B0-9A78-270F395F13E8--INT_ASM_PRODUCTION/HG02886/assemblies/freeze_2/HG02886_mat_hprc_r2_v1.fa.gz,/private/groups/patenlab/mira/data/chm13v2.0.fa,minimap2,asm5,mobinasri/long_read_aligner:v0.4.0,19
HG03453_hap1,s3://human-pangenomics/submissions/DC27718F-5F38-43B0-9A78-270F395F13E8--INT_ASM_PRODUCTION/HG03453/assemblies/freeze_2/HG03453_pat_hprc_r2_v1.fa.gz,/private/groups/patenlab/mira/data/chm13v2.0.fa,minimap2,asm5,mobinasri/long_read_aligner:v0.4.0,19
HG03453_hap2,s3://human-pangenomics/submissions/DC27718F-5F38-43B0-9A78-270F395F13E8--INT_ASM_PRODUCTION/HG03453/assemblies/freeze_2/HG03453_mat_hprc_r2_v1.fa.gz,/private/groups/patenlab/mira/data/chm13v2.0.fa,minimap2,asm5,mobinasri/long_read_aligner:v0.4.0,19
HG03540_hap1,s3://human-pangenomics/submissions/DC27718F-5F38-43B0-9A78-270F395F13E8--INT_ASM_PRODUCTION/HG03540/assemblies/freeze_2/HG03540_pat_hprc_r2_v1.fa.gz,/private/groups/patenlab/mira/data/chm13v2.0.fa,minimap2,asm5,mobinasri/long_read_aligner:v0.4.0,19
HG03540_hap2,s3://human-pangenomics/submissions/DC27718F-5F38-43B0-9A78-270F395F13E8--INT_ASM_PRODUCTION/HG03540/assemblies/freeze_2/HG03540_mat_hprc_r2_v1.fa.gz,/private/groups/patenlab/mira/data/chm13v2.0.fa,minimap2,asm5,mobinasri/long_read_aligner:v0.4.0,19
HG00099_hap1,s3://human-pangenomics/submissions/DC27718F-5F38-43B0-9A78-270F395F13E8--INT_ASM_PRODUCTION/HG00099/assemblies/freeze_2/HG00099_hap1_hprc_r2_v1.fa.gz,/private/groups/patenlab/mira/data/chm13v2.0.fa,minimap2,asm5,mobinasri/long_read_aligner:v0.4.0,19
HG00099_hap2,s3://human-pangenomics/submissions/DC27718F-5F38-43B0-9A78-270F395F13E8--INT_ASM_PRODUCTION/HG00099/assemblies/freeze_2/HG00099_hap2_hprc_r2_v1.fa.gz,/private/groups/patenlab/mira/data/chm13v2.0.fa,minimap2,asm5,mobinasri/long_read_aligner:v0.4.0,19
HG00140_hap1,s3://human-pangenomics/submissions/DC27718F-5F38-43B0-9A78-270F395F13E8--INT_ASM_PRODUCTION/HG00140/assemblies/freeze_2/HG00140_hap1_hprc_r2_v1.fa.gz,/private/groups/patenlab/mira/data/chm13v2.0.fa,minimap2,asm5,mobinasri/long_read_aligner:v0.4.0,19
HG00140_hap2,s3://human-pangenomics/submissions/DC27718F-5F38-43B0-9A78-270F395F13E8--INT_ASM_PRODUCTION/HG00140/assemblies/freeze_2/HG00140_hap2_hprc_r2_v1.fa.gz,/private/groups/patenlab/mira/data/chm13v2.0.fa,minimap2,asm5,mobinasri/long_read_aligner:v0.4.0,19
HG00280_hap1,s3://human-pangenomics/submissions/DC27718F-5F38-43B0-9A78-270F395F13E8--INT_ASM_PRODUCTION/HG00280/assemblies/freeze_2/HG00280_hap1_hprc_r2_v1.fa.gz,/private/groups/patenlab/mira/data/chm13v2.0.fa,minimap2,asm5,mobinasri/long_read_aligner:v0.4.0,19
HG00280_hap2,s3://human-pangenomics/submissions/DC27718F-5F38-43B0-9A78-270F395F13E8--INT_ASM_PRODUCTION/HG00280/assemblies/freeze_2/HG00280_hap2_hprc_r2_v1.fa.gz,/private/groups/patenlab/mira/data/chm13v2.0.fa,minimap2,asm5,mobinasri/long_read_aligner:v0.4.0,19
HG00323_hap1,s3://human-pangenomics/submissions/DC27718F-5F38-43B0-9A78-270F395F13E8--INT_ASM_PRODUCTION/HG00323/assemblies/freeze_2/HG00323_hap1_hprc_r2_v1.fa.gz,/private/groups/patenlab/mira/data/chm13v2.0.fa,minimap2,asm5,mobinasri/long_read_aligner:v0.4.0,19
HG00323_hap2,s3://human-pangenomics/submissions/DC27718F-5F38-43B0-9A78-270F395F13E8--INT_ASM_PRODUCTION/HG00323/assemblies/freeze_2/HG00323_hap2_hprc_r2_v1.fa.gz,/private/groups/patenlab/mira/data/chm13v2.0.fa,minimap2,asm5,mobinasri/long_read_aligner:v0.4.0,19
HG02040_hap1,s3://human-pangenomics/submissions/DC27718F-5F38-43B0-9A78-270F395F13E8--INT_ASM_PRODUCTION/HG02040/assemblies/freeze_2/HG02040_hap1_hprc_r2_v1.fa.gz,/private/groups/patenlab/mira/data/chm13v2.0.fa,minimap2,asm5,mobinasri/long_read_aligner:v0.4.0,19
HG02040_hap2,s3://human-pangenomics/submissions/DC27718F-5F38-43B0-9A78-270F395F13E8--INT_ASM_PRODUCTION/HG02040/assemblies/freeze_2/HG02040_hap2_hprc_r2_v1.fa.gz,/private/groups/patenlab/mira/data/chm13v2.0.fa,minimap2,asm5,mobinasri/long_read_aligner:v0.4.0,19
HG02165_hap1,s3://human-pangenomics/submissions/DC27718F-5F38-43B0-9A78-270F395F13E8--INT_ASM_PRODUCTION/HG02165/assemblies/freeze_2/HG02165_hap1_hprc_r2_v1.fa.gz,/private/groups/patenlab/mira/data/chm13v2.0.fa,minimap2,asm5,mobinasri/long_read_aligner:v0.4.0,19
HG02165_hap2,s3://human-pangenomics/submissions/DC27718F-5F38-43B0-9A78-270F395F13E8--INT_ASM_PRODUCTION/HG02165/assemblies/freeze_2/HG02165_hap2_hprc_r2_v1.fa.gz,/private/groups/patenlab/mira/data/chm13v2.0.fa,minimap2,asm5,mobinasri/long_read_aligner:v0.4.0,19
HG02273_hap1,s3://human-pangenomics/submissions/DC27718F-5F38-43B0-9A78-270F395F13E8--INT_ASM_PRODUCTION/HG02273/assemblies/freeze_2/HG02273_hap1_hprc_r2_v1.fa.gz,/private/groups/patenlab/mira/data/chm13v2.0.fa,minimap2,asm5,mobinasri/long_read_aligner:v0.4.0,19
HG02273_hap2,s3://human-pangenomics/submissions/DC27718F-5F38-43B0-9A78-270F395F13E8--INT_ASM_PRODUCTION/HG02273/assemblies/freeze_2/HG02273_hap2_hprc_r2_v1.fa.gz,/private/groups/patenlab/mira/data/chm13v2.0.fa,minimap2,asm5,mobinasri/long_read_aligner:v0.4.0,19
HG02922_hap1,s3://human-pangenomics/submissions/DC27718F-5F38-43B0-9A78-270F395F13E8--INT_ASM_PRODUCTION/HG02922/assemblies/freeze_2/HG02922_hap1_hprc_r2_v1.fa.gz,/private/groups/patenlab/mira/data/chm13v2.0.fa,minimap2,asm5,mobinasri/long_read_aligner:v0.4.0,19
HG02922_hap2,s3://human-pangenomics/submissions/DC27718F-5F38-43B0-9A78-270F395F13E8--INT_ASM_PRODUCTION/HG02922/assemblies/freeze_2/HG02922_hap2_hprc_r2_v1.fa.gz,/private/groups/patenlab/mira/data/chm13v2.0.fa,minimap2,asm5,mobinasri/long_read_aligner:v0.4.0,19
HG02965_hap1,s3://human-pangenomics/submissions/DC27718F-5F38-43B0-9A78-270F395F13E8--INT_ASM_PRODUCTION/HG02965/assemblies/freeze_2/HG02965_hap1_hprc_r2_v1.fa.gz,/private/groups/patenlab/mira/data/chm13v2.0.fa,minimap2,asm5,mobinasri/long_read_aligner:v0.4.0,19
HG02965_hap2,s3://human-pangenomics/submissions/DC27718F-5F38-43B0-9A78-270F395F13E8--INT_ASM_PRODUCTION/HG02965/assemblies/freeze_2/HG02965_hap2_hprc_r2_v1.fa.gz,/private/groups/patenlab/mira/data/chm13v2.0.fa,minimap2,asm5,mobinasri/long_read_aligner:v0.4.0,19
HG02976_hap1,s3://human-pangenomics/submissions/DC27718F-5F38-43B0-9A78-270F395F13E8--INT_ASM_PRODUCTION/HG02976/assemblies/freeze_2/HG02976_hap1_hprc_r2_v1.fa.gz,/private/groups/patenlab/mira/data/chm13v2.0.fa,minimap2,asm5,mobinasri/long_read_aligner:v0.4.0,19
HG02976_hap2,s3://human-pangenomics/submissions/DC27718F-5F38-43B0-9A78-270F395F13E8--INT_ASM_PRODUCTION/HG02976/assemblies/freeze_2/HG02976_hap2_hprc_r2_v1.fa.gz,/private/groups/patenlab/mira/data/chm13v2.0.fa,minimap2,asm5,mobinasri/long_read_aligner:v0.4.0,19
HG03130_hap1,s3://human-pangenomics/submissions/DC27718F-5F38-43B0-9A78-270F395F13E8--INT_ASM_PRODUCTION/HG03130/assemblies/freeze_2/HG03130_hap1_hprc_r2_v1.fa.gz,/private/groups/patenlab/mira/data/chm13v2.0.fa,minimap2,asm5,mobinasri/long_read_aligner:v0.4.0,19
HG03130_hap2,s3://human-pangenomics/submissions/DC27718F-5F38-43B0-9A78-270F395F13E8--INT_ASM_PRODUCTION/HG03130/assemblies/freeze_2/HG03130_hap2_hprc_r2_v1.fa.gz,/private/groups/patenlab/mira/data/chm13v2.0.fa,minimap2,asm5,mobinasri/long_read_aligner:v0.4.0,19
HG03195_hap1,s3://human-pangenomics/submissions/DC27718F-5F38-43B0-9A78-270F395F13E8--INT_ASM_PRODUCTION/HG03195/assemblies/freeze_2/HG03195_hap1_hprc_r2_v1.fa.gz,/private/groups/patenlab/mira/data/chm13v2.0.fa,minimap2,asm5,mobinasri/long_read_aligner:v0.4.0,19
HG03195_hap2,s3://human-pangenomics/submissions/DC27718F-5F38-43B0-9A78-270F395F13E8--INT_ASM_PRODUCTION/HG03195/assemblies/freeze_2/HG03195_hap2_hprc_r2_v1.fa.gz,/private/groups/patenlab/mira/data/chm13v2.0.fa,minimap2,asm5,mobinasri/long_read_aligner:v0.4.0,19
HG03209_hap1,s3://human-pangenomics/submissions/DC27718F-5F38-43B0-9A78-270F395F13E8--INT_ASM_PRODUCTION/HG03209/assemblies/freeze_2/HG03209_hap1_hprc_r2_v1.fa.gz,/private/groups/patenlab/mira/data/chm13v2.0.fa,minimap2,asm5,mobinasri/long_read_aligner:v0.4.0,19
HG03209_hap2,s3://human-pangenomics/submissions/DC27718F-5F38-43B0-9A78-270F395F13E8--INT_ASM_PRODUCTION/HG03209/assemblies/freeze_2/HG03209_hap2_hprc_r2_v1.fa.gz,/private/groups/patenlab/mira/data/chm13v2.0.fa,minimap2,asm5,mobinasri/long_read_aligner:v0.4.0,19
NA18522_hap1,s3://human-pangenomics/submissions/DC27718F-5F38-43B0-9A78-270F395F13E8--INT_ASM_PRODUCTION/NA18522/assemblies/freeze_2/NA18522_hap1_hprc_r2_v1.fa.gz,/private/groups/patenlab/mira/data/chm13v2.0.fa,minimap2,asm5,mobinasri/long_read_aligner:v0.4.0,19
NA18522_hap2,s3://human-pangenomics/submissions/DC27718F-5F38-43B0-9A78-270F395F13E8--INT_ASM_PRODUCTION/NA18522/assemblies/freeze_2/NA18522_hap2_hprc_r2_v1.fa.gz,/private/groups/patenlab/mira/data/chm13v2.0.fa,minimap2,asm5,mobinasri/long_read_aligner:v0.4.0,19
NA18747_hap1,s3://human-pangenomics/submissions/DC27718F-5F38-43B0-9A78-270F395F13E8--INT_ASM_PRODUCTION/NA18747/assemblies/freeze_2/NA18747_hap1_hprc_r2_v1.fa.gz,/private/groups/patenlab/mira/data/chm13v2.0.fa,minimap2,asm5,mobinasri/long_read_aligner:v0.4.0,19
NA18747_hap2,s3://human-pangenomics/submissions/DC27718F-5F38-43B0-9A78-270F395F13E8--INT_ASM_PRODUCTION/NA18747/assemblies/freeze_2/NA18747_hap2_hprc_r2_v1.fa.gz,/private/groups/patenlab/mira/data/chm13v2.0.fa,minimap2,asm5,mobinasri/long_read_aligner:v0.4.0,19
NA18971_hap1,s3://human-pangenomics/submissions/DC27718F-5F38-43B0-9A78-270F395F13E8--INT_ASM_PRODUCTION/NA18971/assemblies/freeze_2/NA18971_hap1_hprc_r2_v1.fa.gz,/private/groups/patenlab/mira/data/chm13v2.0.fa,minimap2,asm5,mobinasri/long_read_aligner:v0.4.0,19
NA18971_hap2,s3://human-pangenomics/submissions/DC27718F-5F38-43B0-9A78-270F395F13E8--INT_ASM_PRODUCTION/NA18971/assemblies/freeze_2/NA18971_hap2_hprc_r2_v1.fa.gz,/private/groups/patenlab/mira/data/chm13v2.0.fa,minimap2,asm5,mobinasri/long_read_aligner:v0.4.0,19
NA18983_hap1,s3://human-pangenomics/submissions/DC27718F-5F38-43B0-9A78-270F395F13E8--INT_ASM_PRODUCTION/NA18983/assemblies/freeze_2/NA18983_hap1_hprc_r2_v1.fa.gz,/private/groups/patenlab/mira/data/chm13v2.0.fa,minimap2,asm5,mobinasri/long_read_aligner:v0.4.0,19
NA18983_hap2,s3://human-pangenomics/submissions/DC27718F-5F38-43B0-9A78-270F395F13E8--INT_ASM_PRODUCTION/NA18983/assemblies/freeze_2/NA18983_hap2_hprc_r2_v1.fa.gz,/private/groups/patenlab/mira/data/chm13v2.0.fa,minimap2,asm5,mobinasri/long_read_aligner:v0.4.0,19
NA19043_hap1,s3://human-pangenomics/submissions/DC27718F-5F38-43B0-9A78-270F395F13E8--INT_ASM_PRODUCTION/NA19043/assemblies/freeze_2/NA19043_hap1_hprc_r2_v1.fa.gz,/private/groups/patenlab/mira/data/chm13v2.0.fa,minimap2,asm5,mobinasri/long_read_aligner:v0.4.0,19
NA19043_hap2,s3://human-pangenomics/submissions/DC27718F-5F38-43B0-9A78-270F395F13E8--INT_ASM_PRODUCTION/NA19043/assemblies/freeze_2/NA19043_hap2_hprc_r2_v1.fa.gz,/private/groups/patenlab/mira/data/chm13v2.0.fa,minimap2,asm5,mobinasri/long_read_aligner:v0.4.0,19
NA20905_hap1,s3://human-pangenomics/submissions/DC27718F-5F38-43B0-9A78-270F395F13E8--INT_ASM_PRODUCTION/NA20905/assemblies/freeze_2/NA20905_hap1_hprc_r2_v1.fa.gz,/private/groups/patenlab/mira/data/chm13v2.0.fa,minimap2,asm5,mobinasri/long_read_aligner:v0.4.0,19
NA20905_hap2,s3://human-pangenomics/submissions/DC27718F-5F38-43B0-9A78-270F395F13E8--INT_ASM_PRODUCTION/NA20905/assemblies/freeze_2/NA20905_hap2_hprc_r2_v1.fa.gz,/private/groups/patenlab/mira/data/chm13v2.0.fa,minimap2,asm5,mobinasri/long_read_aligner:v0.4.0,19
HG01530_hap1,s3://human-pangenomics/submissions/DC27718F-5F38-43B0-9A78-270F395F13E8--INT_ASM_PRODUCTION/HG01530/assemblies/freeze_2/HG01530_hap1_hprc_r2_v1.fa.gz,/private/groups/patenlab/mira/data/chm13v2.0.fa,minimap2,asm5,mobinasri/long_read_aligner:v0.4.0,19
HG01530_hap2,s3://human-pangenomics/submissions/DC27718F-5F38-43B0-9A78-270F395F13E8--INT_ASM_PRODUCTION/HG01530/assemblies/freeze_2/HG01530_hap2_hprc_r2_v1.fa.gz,/private/groups/patenlab/mira/data/chm13v2.0.fa,minimap2,asm5,mobinasri/long_read_aligner:v0.4.0,19
HG01784_hap1,s3://human-pangenomics/submissions/DC27718F-5F38-43B0-9A78-270F395F13E8--INT_ASM_PRODUCTION/HG01784/assemblies/freeze_2/HG01784_hap1_hprc_r2_v1.fa.gz,/private/groups/patenlab/mira/data/chm13v2.0.fa,minimap2,asm5,mobinasri/long_read_aligner:v0.4.0,19
HG01784_hap2,s3://human-pangenomics/submissions/DC27718F-5F38-43B0-9A78-270F395F13E8--INT_ASM_PRODUCTION/HG01784/assemblies/freeze_2/HG01784_hap2_hprc_r2_v1.fa.gz,/private/groups/patenlab/mira/data/chm13v2.0.fa,minimap2,asm5,mobinasri/long_read_aligner:v0.4.0,19
HG02391_hap1,s3://human-pangenomics/submissions/DC27718F-5F38-43B0-9A78-270F395F13E8--INT_ASM_PRODUCTION/HG02391/assemblies/freeze_2/HG02391_hap1_hprc_r2_v1.fa.gz,/private/groups/patenlab/mira/data/chm13v2.0.fa,minimap2,asm5,mobinasri/long_read_aligner:v0.4.0,19
HG02391_hap2,s3://human-pangenomics/submissions/DC27718F-5F38-43B0-9A78-270F395F13E8--INT_ASM_PRODUCTION/HG02391/assemblies/freeze_2/HG02391_hap2_hprc_r2_v1.fa.gz,/private/groups/patenlab/mira/data/chm13v2.0.fa,minimap2,asm5,mobinasri/long_read_aligner:v0.4.0,19
HG03471_hap1,s3://human-pangenomics/submissions/DC27718F-5F38-43B0-9A78-270F395F13E8--INT_ASM_PRODUCTION/HG03471/assemblies/freeze_2/HG03471_hap1_hprc_r2_v1.fa.gz,/private/groups/patenlab/mira/data/chm13v2.0.fa,minimap2,asm5,mobinasri/long_read_aligner:v0.4.0,19
HG03471_hap2,s3://human-pangenomics/submissions/DC27718F-5F38-43B0-9A78-270F395F13E8--INT_ASM_PRODUCTION/HG03471/assemblies/freeze_2/HG03471_hap2_hprc_r2_v1.fa.gz,/private/groups/patenlab/mira/data/chm13v2.0.fa,minimap2,asm5,mobinasri/long_read_aligner:v0.4.0,19
HG03742_hap1,s3://human-pangenomics/submissions/DC27718F-5F38-43B0-9A78-270F395F13E8--INT_ASM_PRODUCTION/HG03742/assemblies/freeze_2/HG03742_hap1_hprc_r2_v1.fa.gz,/private/groups/patenlab/mira/data/chm13v2.0.fa,minimap2,asm5,mobinasri/long_read_aligner:v0.4.0,19
HG03742_hap2,s3://human-pangenomics/submissions/DC27718F-5F38-43B0-9A78-270F395F13E8--INT_ASM_PRODUCTION/HG03742/assemblies/freeze_2/HG03742_hap2_hprc_r2_v1.fa.gz,/private/groups/patenlab/mira/data/chm13v2.0.fa,minimap2,asm5,mobinasri/long_read_aligner:v0.4.0,19
NA18570_hap1,s3://human-pangenomics/submissions/DC27718F-5F38-43B0-9A78-270F395F13E8--INT_ASM_PRODUCTION/NA18570/assemblies/freeze_2/NA18570_hap1_hprc_r2_v1.fa.gz,/private/groups/patenlab/mira/data/chm13v2.0.fa,minimap2,asm5,mobinasri/long_read_aligner:v0.4.0,19
NA18570_hap2,s3://human-pangenomics/submissions/DC27718F-5F38-43B0-9A78-270F395F13E8--INT_ASM_PRODUCTION/NA18570/assemblies/freeze_2/NA18570_hap2_hprc_r2_v1.fa.gz,/private/groups/patenlab/mira/data/chm13v2.0.fa,minimap2,asm5,mobinasri/long_read_aligner:v0.4.0,19
NA19087_hap1,s3://human-pangenomics/submissions/DC27718F-5F38-43B0-9A78-270F395F13E8--INT_ASM_PRODUCTION/NA19087/assemblies/freeze_2/NA19087_hap1_hprc_r2_v1.fa.gz,/private/groups/patenlab/mira/data/chm13v2.0.fa,minimap2,asm5,mobinasri/long_read_aligner:v0.4.0,19
NA19087_hap2,s3://human-pangenomics/submissions/DC27718F-5F38-43B0-9A78-270F395F13E8--INT_ASM_PRODUCTION/NA19087/assemblies/freeze_2/NA19087_hap2_hprc_r2_v1.fa.gz,/private/groups/patenlab/mira/data/chm13v2.0.fa,minimap2,asm5,mobinasri/long_read_aligner:v0.4.0,19
NA19185_hap1,s3://human-pangenomics/submissions/DC27718F-5F38-43B0-9A78-270F395F13E8--INT_ASM_PRODUCTION/NA19185/assemblies/freeze_2/NA19185_hap1_hprc_r2_v1.fa.gz,/private/groups/patenlab/mira/data/chm13v2.0.fa,minimap2,asm5,mobinasri/long_read_aligner:v0.4.0,19
NA19185_hap2,s3://human-pangenomics/submissions/DC27718F-5F38-43B0-9A78-270F395F13E8--INT_ASM_PRODUCTION/NA19185/assemblies/freeze_2/NA19185_hap2_hprc_r2_v1.fa.gz,/private/groups/patenlab/mira/data/chm13v2.0.fa,minimap2,asm5,mobinasri/long_read_aligner:v0.4.0,19
NA19338_hap1,s3://human-pangenomics/submissions/DC27718F-5F38-43B0-9A78-270F395F13E8--INT_ASM_PRODUCTION/NA19338/assemblies/freeze_2/NA19338_hap1_hprc_r2_v1.fa.gz,/private/groups/patenlab/mira/data/chm13v2.0.fa,minimap2,asm5,mobinasri/long_read_aligner:v0.4.0,19
NA19338_hap2,s3://human-pangenomics/submissions/DC27718F-5F38-43B0-9A78-270F395F13E8--INT_ASM_PRODUCTION/NA19338/assemblies/freeze_2/NA19338_hap2_hprc_r2_v1.fa.gz,/private/groups/patenlab/mira/data/chm13v2.0.fa,minimap2,asm5,mobinasri/long_read_aligner:v0.4.0,19
NA19391_hap1,s3://human-pangenomics/submissions/DC27718F-5F38-43B0-9A78-270F395F13E8--INT_ASM_PRODUCTION/NA19391/assemblies/freeze_2/NA19391_hap1_hprc_r2_v1.fa.gz,/private/groups/patenlab/mira/data/chm13v2.0.fa,minimap2,asm5,mobinasri/long_read_aligner:v0.4.0,19
NA19391_hap2,s3://human-pangenomics/submissions/DC27718F-5F38-43B0-9A78-270F395F13E8--INT_ASM_PRODUCTION/NA19391/assemblies/freeze_2/NA19391_hap2_hprc_r2_v1.fa.gz,/private/groups/patenlab/mira/data/chm13v2.0.fa,minimap2,asm5,mobinasri/long_read_aligner:v0.4.0,19
NA19468_hap1,s3://human-pangenomics/submissions/DC27718F-5F38-43B0-9A78-270F395F13E8--INT_ASM_PRODUCTION/NA19468/assemblies/freeze_2/NA19468_hap1_hprc_r2_v1.fa.gz,/private/groups/patenlab/mira/data/chm13v2.0.fa,minimap2,asm5,mobinasri/long_read_aligner:v0.4.0,19
NA19468_hap2,s3://human-pangenomics/submissions/DC27718F-5F38-43B0-9A78-270F395F13E8--INT_ASM_PRODUCTION/NA19468/assemblies/freeze_2/NA19468_hap2_hprc_r2_v1.fa.gz,/private/groups/patenlab/mira/data/chm13v2.0.fa,minimap2,asm5,mobinasri/long_read_aligner:v0.4.0,19
HG00438_hap1,s3://human-pangenomics/submissions/DC27718F-5F38-43B0-9A78-270F395F13E8--INT_ASM_PRODUCTION/HG00438/assemblies/freeze_2/HG00438_pat_hprc_r2_v1.fa.gz,/private/groups/patenlab/mira/data/chm13v2.0.fa,minimap2,asm5,mobinasri/long_read_aligner:v0.4.0,19
HG00438_hap2,s3://human-pangenomics/submissions/DC27718F-5F38-43B0-9A78-270F395F13E8--INT_ASM_PRODUCTION/HG00438/assemblies/freeze_2/HG00438_mat_hprc_r2_v1.fa.gz,/private/groups/patenlab/mira/data/chm13v2.0.fa,minimap2,asm5,mobinasri/long_read_aligner:v0.4.0,19
HG00558_hap1,s3://human-pangenomics/submissions/DC27718F-5F38-43B0-9A78-270F395F13E8--INT_ASM_PRODUCTION/HG00558/assemblies/freeze_2/HG00558_pat_hprc_r2_v1.fa.gz,/private/groups/patenlab/mira/data/chm13v2.0.fa,minimap2,asm5,mobinasri/long_read_aligner:v0.4.0,19
HG00558_hap2,s3://human-pangenomics/submissions/DC27718F-5F38-43B0-9A78-270F395F13E8--INT_ASM_PRODUCTION/HG00558/assemblies/freeze_2/HG00558_mat_hprc_r2_v1.fa.gz,/private/groups/patenlab/mira/data/chm13v2.0.fa,minimap2,asm5,mobinasri/long_read_aligner:v0.4.0,19
HG00639_hap1,s3://human-pangenomics/submissions/DC27718F-5F38-43B0-9A78-270F395F13E8--INT_ASM_PRODUCTION/HG00639/assemblies/freeze_2/HG00639_pat_hprc_r2_v1.fa.gz,/private/groups/patenlab/mira/data/chm13v2.0.fa,minimap2,asm5,mobinasri/long_read_aligner:v0.4.0,19
HG00639_hap2,s3://human-pangenomics/submissions/DC27718F-5F38-43B0-9A78-270F395F13E8--INT_ASM_PRODUCTION/HG00639/assemblies/freeze_2/HG00639_mat_hprc_r2_v1.fa.gz,/private/groups/patenlab/mira/data/chm13v2.0.fa,minimap2,asm5,mobinasri/long_read_aligner:v0.4.0,19
HG00658_hap1,s3://human-pangenomics/submissions/DC27718F-5F38-43B0-9A78-270F395F13E8--INT_ASM_PRODUCTION/HG00658/assemblies/freeze_2/HG00658_pat_hprc_r2_v1.fa.gz,/private/groups/patenlab/mira/data/chm13v2.0.fa,minimap2,asm5,mobinasri/long_read_aligner:v0.4.0,19
HG00658_hap2,s3://human-pangenomics/submissions/DC27718F-5F38-43B0-9A78-270F395F13E8--INT_ASM_PRODUCTION/HG00658/assemblies/freeze_2/HG00658_mat_hprc_r2_v1.fa.gz,/private/groups/patenlab/mira/data/chm13v2.0.fa,minimap2,asm5,mobinasri/long_read_aligner:v0.4.0,19
HG00673_hap1,s3://human-pangenomics/submissions/DC27718F-5F38-43B0-9A78-270F395F13E8--INT_ASM_PRODUCTION/HG00673/assemblies/freeze_2/HG00673_pat_hprc_r2_v1.fa.gz,/private/groups/patenlab/mira/data/chm13v2.0.fa,minimap2,asm5,mobinasri/long_read_aligner:v0.4.0,19
HG00673_hap2,s3://human-pangenomics/submissions/DC27718F-5F38-43B0-9A78-270F395F13E8--INT_ASM_PRODUCTION/HG00673/assemblies/freeze_2/HG00673_mat_hprc_r2_v1.fa.gz,/private/groups/patenlab/mira/data/chm13v2.0.fa,minimap2,asm5,mobinasri/long_read_aligner:v0.4.0,19
HG01071_hap1,s3://human-pangenomics/submissions/DC27718F-5F38-43B0-9A78-270F395F13E8--INT_ASM_PRODUCTION/HG01071/assemblies/freeze_2/HG01071_pat_hprc_r2_v1.fa.gz,/private/groups/patenlab/mira/data/chm13v2.0.fa,minimap2,asm5,mobinasri/long_read_aligner:v0.4.0,19
HG01071_hap2,s3://human-pangenomics/submissions/DC27718F-5F38-43B0-9A78-270F395F13E8--INT_ASM_PRODUCTION/HG01071/assemblies/freeze_2/HG01071_mat_hprc_r2_v1.fa.gz,/private/groups/patenlab/mira/data/chm13v2.0.fa,minimap2,asm5,mobinasri/long_read_aligner:v0.4.0,19
HG01074_hap1,s3://human-pangenomics/submissions/DC27718F-5F38-43B0-9A78-270F395F13E8--INT_ASM_PRODUCTION/HG01074/assemblies/freeze_2/HG01074_pat_hprc_r2_v1.fa.gz,/private/groups/patenlab/mira/data/chm13v2.0.fa,minimap2,asm5,mobinasri/long_read_aligner:v0.4.0,19
HG01074_hap2,s3://human-pangenomics/submissions/DC27718F-5F38-43B0-9A78-270F395F13E8--INT_ASM_PRODUCTION/HG01074/assemblies/freeze_2/HG01074_mat_hprc_r2_v1.fa.gz,/private/groups/patenlab/mira/data/chm13v2.0.fa,minimap2,asm5,mobinasri/long_read_aligner:v0.4.0,19
HG01123_hap2,s3://human-pangenomics/submissions/DC27718F-5F38-43B0-9A78-270F395F13E8--INT_ASM_PRODUCTION/HG01123/assemblies/freeze_2/HG01123_mat_hprc_r2_v1.fa.gz,/private/groups/patenlab/mira/data/chm13v2.0.fa,minimap2,asm5,mobinasri/long_read_aligner:v0.4.0,19
